{
    "name": "root",
    "gauges": {
        "gewu.Policy.Entropy.mean": {
            "value": 1.401993989944458,
            "min": 1.401993989944458,
            "max": 1.4320906400680542,
            "count": 39
        },
        "gewu.Policy.Entropy.sum": {
            "value": 20334.521484375,
            "min": 19733.4296875,
            "max": 39730.2734375,
            "count": 39
        },
        "gewu.Environment.EpisodeLength.mean": {
            "value": 999.0,
            "min": 803.3928571428571,
            "max": 999.0,
            "count": 39
        },
        "gewu.Environment.EpisodeLength.sum": {
            "value": 15984.0,
            "min": 13986.0,
            "max": 25974.0,
            "count": 39
        },
        "gewu.Step.mean": {
            "value": 779198.0,
            "min": 19523.0,
            "max": 779198.0,
            "count": 39
        },
        "gewu.Step.sum": {
            "value": 779198.0,
            "min": 19523.0,
            "max": 779198.0,
            "count": 39
        },
        "gewu.Policy.ExtrinsicValueEstimate.mean": {
            "value": 144.15145874023438,
            "min": -4.686470031738281,
            "max": 153.5230712890625,
            "count": 39
        },
        "gewu.Policy.ExtrinsicValueEstimate.sum": {
            "value": 2883.029052734375,
            "min": -98.4158706665039,
            "max": 3070.46142578125,
            "count": 39
        },
        "gewu.Environment.CumulativeReward.mean": {
            "value": 656.9311279296875,
            "min": -944.3557788085938,
            "max": 866.3621490478515,
            "count": 39
        },
        "gewu.Environment.CumulativeReward.sum": {
            "value": 13138.62255859375,
            "min": -23608.894470214844,
            "max": 17327.24298095703,
            "count": 39
        },
        "gewu.Policy.ExtrinsicReward.mean": {
            "value": 656.9311279296875,
            "min": -944.3557788085938,
            "max": 866.3621490478515,
            "count": 39
        },
        "gewu.Policy.ExtrinsicReward.sum": {
            "value": 13138.62255859375,
            "min": -23608.894470214844,
            "max": 17327.24298095703,
            "count": 39
        },
        "gewu.IsTraining.mean": {
            "value": 1.0,
            "min": 1.0,
            "max": 1.0,
            "count": 39
        },
        "gewu.IsTraining.sum": {
            "value": 1.0,
            "min": 1.0,
            "max": 1.0,
            "count": 39
        },
        "gewu.Losses.PolicyLoss.mean": {
            "value": 0.01565890359246017,
            "min": 0.013124533718413052,
            "max": 0.02406645904799613,
            "count": 36
        },
        "gewu.Losses.PolicyLoss.sum": {
            "value": 0.01565890359246017,
            "min": 0.013124533718413052,
            "max": 0.02406645904799613,
            "count": 36
        },
        "gewu.Losses.ValueLoss.mean": {
            "value": 5.562799342473348,
            "min": 5.562799342473348,
            "max": 1758.2159322102864,
            "count": 36
        },
        "gewu.Losses.ValueLoss.sum": {
            "value": 5.562799342473348,
            "min": 5.562799342473348,
            "max": 1758.2159322102864,
            "count": 36
        },
        "gewu.Policy.LearningRate.mean": {
            "value": 0.00028853703382098985,
            "min": 0.00028853703382098985,
            "max": 0.0002996621551126149,
            "count": 36
        },
        "gewu.Policy.LearningRate.sum": {
            "value": 0.00028853703382098985,
            "min": 0.00028853703382098985,
            "max": 0.0002996621551126149,
            "count": 36
        },
        "gewu.Policy.Epsilon.mean": {
            "value": 0.19617900999999996,
            "min": 0.19617900999999996,
            "max": 0.19988738500000006,
            "count": 36
        },
        "gewu.Policy.Epsilon.sum": {
            "value": 0.19617900999999996,
            "min": 0.19617900999999996,
            "max": 0.19988738500000006,
            "count": 36
        },
        "gewu.Policy.Beta.mean": {
            "value": 0.004809332598999998,
            "min": 0.004809332598999998,
            "max": 0.0049943805115,
            "count": 36
        },
        "gewu.Policy.Beta.sum": {
            "value": 0.004809332598999998,
            "min": 0.004809332598999998,
            "max": 0.0049943805115,
            "count": 36
        }
    },
    "metadata": {
        "timer_format_version": "0.1.0",
        "start_time_seconds": "1767510930",
        "python_version": "3.10.12 | packaged by Anaconda, Inc. | (main, Jul  5 2023, 19:01:18) [MSC v.1916 64 bit (AMD64)]",
        "command_line_arguments": "C:\\Users\\reluvieir\\.conda\\envs\\gewu\\Scripts\\mlagents-learn config.yaml --run-id=reluvieir_v4 --force",
        "mlagents_version": "1.1.0",
        "mlagents_envs_version": "1.1.0",
        "communication_protocol_version": "1.5.0",
        "pytorch_version": "2.2.2+cu121",
        "numpy_version": "1.23.5",
        "end_time_seconds": "1767512228"
    },
    "total": 1297.6198768999893,
    "count": 1,
    "self": 0.006082499981857836,
    "children": {
        "run_training.setup": {
            "total": 0.08145840000361204,
            "count": 1,
            "self": 0.08145840000361204
        },
        "TrainerController.start_learning": {
            "total": 1297.5323360000039,
            "count": 1,
            "self": 2.112167803570628,
            "children": {
                "TrainerController._reset_env": {
                    "total": 10.137314699939452,
                    "count": 1,
                    "self": 10.137314699939452
                },
                "TrainerController.advance": {
                    "total": 1285.1919816964073,
                    "count": 56305,
                    "self": 2.1396457916125655,
                    "children": {
                        "env_step": {
                            "total": 991.4536113962531,
                            "count": 56305,
                            "self": 640.4554275037954,
                            "children": {
                                "SubprocessEnvManager._take_step": {
                                    "total": 349.65280038665514,
                                    "count": 56305,
                                    "self": 7.787746993126348,
                                    "children": {
                                        "TorchPolicy.evaluate": {
                                            "total": 341.8650533935288,
                                            "count": 56305,
                                            "self": 341.8650533935288
                                        }
                                    }
                                },
                                "workers": {
                                    "total": 1.3453835058026016,
                                    "count": 56304,
                                    "self": 0.0,
                                    "children": {
                                        "worker_root": {
                                            "total": 1285.7666040086187,
                                            "count": 56304,
                                            "is_parallel": true,
                                            "self": 793.7317510995781,
                                            "children": {
                                                "steps_from_proto": {
                                                    "total": 0.00029580004047602415,
                                                    "count": 1,
                                                    "is_parallel": true,
                                                    "self": 7.24999699741602e-05,